timeTick, roll, pitch, yaw, stateX, stateY, stateZ, stateVX, stateVY, stateVZ, FlowX, FlowY, commandT, commandR, commandP, commandYR, m1, m2, m3, m4, otX0, otY0, otZ0, otRoll0, otPitch0, otYaw0, CameraTime
25816, -1.8450361490249634, -1.4653726816177368, -0.38312000036239624, 0, 0, 0, 0, 0, 0, 0, 0, 0, 0, 0, 0, 0, 0, 0, 0, 0.01588394120335579, -0.019907953217625618, 0.04620334133505821, -0.1799786891206775, 0.9470973609770965, 6.579465437124418, 0
25826, -1.8791639804840088, -1.4568772315979004, -0.3825788199901581, 0, 0, 0, 0, 0, 0, 0, 0, 0, 0, 0, 0, 0, 0, 0, 0, 0.01588394120335579, -0.019907953217625618, 0.04620334133505821, -0.1799786891206775, 0.9470973609770965, 6.579465437124418, 0
25836, -1.8241372108459473, -1.4668608903884888, -0.3829132914543152, 0, 0, 0, 0, 0, 0, 0, 0, 0, 0, 0, 0, 0, 0, 0, 0, 0.015711508691310883, -0.019940558820962906, 0.045754335820674896, -0.06594528501550403, 0.9216491832121676, 6.682995078328192, 0
25846, -1.821755051612854, -1.4655671119689941, -0.38265880942344666, -0.001694660633802414, -0.003947904799133539, 0.015405493788421154, -0.0035222754813730717, -0.007151943165808916, 0.00512535497546196, 0, 0, 0, 0, 0, 0, 0, 0, 0, 0, 0.015884295105934143, -0.019924301654100418, 0.04619370400905609, -0.17783634109694255, 0.9470991191379596, 6.597403451611775, 0
25856, -1.8350619077682495, -1.4660340547561646, -0.3833909034729004, -0.001671578735113144, -0.00364601518958807, 0.015459248796105385, -0.0035207229666411877, -0.005454515106976032, 0.005088365636765957, 0.0, 0.0, 0, 0, 0, 0, 0, 0, 0, 0, 0.015938326716423035, -0.020036350935697556, 0.04597770795226097, -0.09419944548929741, 0.9746971843936763, 6.679293709943807, 0
25866, -1.8464066982269287, -1.4678140878677368, -0.3830951452255249, -0.0016728806076571345, -0.0033715078607201576, 0.014919145032763481, -0.00361030176281929, -0.003943117335438728, 0.0018727245042100549, -1.0, 0.0, 0, 0, 0, 0, 0, 0, 0, 0, 0.015679776668548584, -0.01982499286532402, 0.0459139384329319, -0.1447277014010301, 0.9163600057094072, 6.604954648845141, 0
25876, -1.8356373310089111, -1.4667454957962036, -0.38330498337745667, -0.0016649648314341903, -0.003627455560490489, 0.014937332831323147, -0.0034751291386783123, -0.005250212270766497, 0.00179387629032135, -1.0, 0.0, 0.0, 0.0, 0.0, 0.0, 37354.0, 0.0, 35388.0, 0.0, 0.01587585173547268, -0.0199161097407341, 0.04618149623274803, -0.17853484616050916, 0.9470445059965584, 6.589396936819952, 0
25886, -1.8328173160552979, -1.463693618774414, -0.3829782009124756, -0.0017002406530082226, -0.0036809153389185667, 0.014954378828406334, -0.0035800470504909754, -0.005441810004413128, 0.0016155312769114971, 1.0, 0.0, 0.0, 0.0, 0.0, 0.0, 37354.0, 0.0, 35388.0, 0.0, 0.015873998403549194, -0.019917737692594528, 0.04619111120700836, -0.17520339638379429, 0.941888571372516, 6.587951501252285, 20450.0
25896, -1.8560619354248047, -1.463343858718872, -0.383195161819458, -0.0016737445257604122, -0.00310938386246562, 0.01497174147516489, -0.0032990016043186188, -0.0024310857988893986, 0.0014097430976107717, 0.0, 0.0, 0.0, 0.0, 0.0, 0.0, 37354.0, 0.0, 35388.0, 0.0, 0.015723368152976036, -0.019940584897994995, 0.04573622718453407, -0.07154051932333938, 0.9193400642472511, 6.686875291499159, 20450.0
25906, -1.8229777812957764, -1.4982175827026367, -0.38395145535469055, -0.0008663703338243067, -0.003925812430679798, 0.014592052437365055, 0.0007881869096308947, -0.006670734845101833, -0.0008164086029864848, -2.0, 0.0, 0.0, 0.0, 0.0, 0.0, 37354.0, 0.0, 35388.0, 0.0, 0.015881842002272606, -0.019916780292987823, 0.046178411692380905, -0.17593778888301423, 0.9448790295791412, 6.600969332701329, 20553.0
25916, -1.8239402770996094, -1.4656628370285034, -0.3824298083782196, -0.0016681738197803497, -0.0038976981304585934, 0.01458787266165018, -0.003374096006155014, -0.006687827408313751, -0.0007568869041278958, 3.0, -3.0, 0.0, 0.0, 0.0, 0.0, 37354.0, 0.0, 35388.0, 0.0, 0.015685224905610085, -0.019827648997306824, 0.045930784195661545, -0.14292751297476003, 0.9152913989098295, 6.5981652048056105, 20553.0
25926, -1.8228307962417603, -1.4641284942626953, -0.38375797867774963, -0.0017030956223607063, -0.003967071417719126, 0.014580050483345985, -0.003610207699239254, -0.007186823524534702, -0.0008075413061305881, 0.0, 3.0, 0.0, 0.0, 0.0, 0.0, 37354.0, 0.0, 35388.0, 0.0, 0.0157166775316, -0.019949179142713547, 0.04570735991001129, -0.07590725367025491, 0.9253546248667419, 6.695123590067309, 20553.0
25936, -1.8785514831542969, -1.4230835437774658, -0.38172289729118347, -0.002776829991489649, -0.0025652809999883175, 0.01457806583493948, -0.009079773910343647, -0.00013388933439273387, -0.0008949686889536679, 0.0, 0.0, 0.0, 0.0, 0.0, 0.0, 37354.0, 0.0, 35388.0, 0.0, 0.01593484729528427, -0.020031586289405823, 0.04594505578279495, -0.09693225950095137, 0.9739377550223196, 6.664348714854536, 20553.0
25946, -1.8333133459091187, -1.4690701961517334, -0.38494497537612915, -0.001673446618951857, -0.003651094390079379, 0.014587229117751122, -0.0032431248109787703, -0.005757607985287905, -0.0009289460722357035, -5.0, 4.0, 0.0, 0.0, 0.0, 0.0, 37354.0, 0.0, 35388.0, 0.0, 0.015713896602392197, -0.01995261199772358, 0.04571635276079178, -0.06868139777938007, 0.9186325974415013, 6.695789965997812, 20553.0
25956, -1.8552591800689697, -1.4682714939117432, -0.3862411677837372, -0.0016679222462698817, -0.0031235211063176394, 0.013937483541667461, -0.003256774740293622, -0.0030397619120776653, -0.004547519609332085, 4.0, -4.0, 0.0, 0.0, 0.0, 0.0, 37354.0, 0.0, 35388.0, 0.0, 0.01594081148505211, -0.020033732056617737, 0.045977041125297546, -0.09238441103852338, 0.9731491878399936, 6.660328435221796, 20553.0
25966, -1.8247472047805786, -1.4700350761413574, -0.3859213888645172, -0.0016675530932843685, -0.0039015254005789757, 0.013892165385186672, -0.003270691493526101, -0.006880766712129116, -0.004603780340403318, -2.0, 0.0, 0.0, 0.0, 0.0, 0.0, 37354.0, 0.0, 35388.0, 0.0, 0.015938907861709595, -0.02003316581249237, 0.045987628400325775, -0.09174574498644719, 0.9706184337905768, 6.680720652683134, 20553.0
25976, -1.8367729187011719, -1.469359278678894, -0.3865112066268921, -0.0016563549870625138, -0.0036248364485800266, 0.013847656548023224, -0.0032131201587617397, -0.005380440969020128, -0.0046571046113967896, 3.0, 0.0, 0.0, 0.0, 0.0, 0.0, 37354.0, 0.0, 35388.0, 0.0, 0.015936795622110367, -0.020041977986693382, 0.045979972928762436, -0.09394312707655791, 0.9767165210785151, 6.667479103779219, 20553.0
25986, -1.8573085069656372, -1.4582749605178833, -0.3863670229911804, -0.0018984589260071516, -0.003103443654254079, 0.01380215398967266, -0.0045700352638959885, -0.0027621258050203323, -0.00477379746735096, -1.0, 0.0, 0.0, 0.0, 0.0, 0.0, 37354.0, 0.0, 35388.0, 0.0, 0.015681391581892967, -0.01983204483985901, 0.045908600091934204, -0.14054659278737913, 0.9153501258726635, 6.60647256996983, 20553.0
25996, -1.8363368511199951, -1.4693328142166138, -0.3871874511241913, -0.0016218546079471707, -0.0035826056264340878, 0.014618723653256893, -0.003327895188704133, -0.0051613906398415565, -0.00032774818828329444, -2.0, 1.0, 0.0, 0.0, 0.0, 0.0, 37354.0, 0.0, 35388.0, 0.0, 0.015688955783843994, -0.019833508878946304, 0.04590211808681488, -0.13899506815156945, 0.9155054897979937, 6.601388927878355, 20553.0
26006, -1.827569603919983, -1.4690818786621094, -0.3879794180393219, -0.0016187146538868546, -0.003818250261247158, 0.014615458436310291, -0.0033313243184238672, -0.00628683203831315, -0.0002416866336716339, 2.0, -1.0, 0.0, 0.0, 0.0, 0.0, 37354.0, 0.0, 35388.0, 0.0, 0.015951162204146385, -0.0200350321829319, 0.04595541954040527, -0.09226666262324616, 0.9725460274499653, 6.669395092973032, 20553.0
26016, -1.8578354120254517, -1.4690200090408325, -0.3888790011405945, -0.0016054246807470918, -0.003066896926611662, 0.01461721770465374, -0.0033184681087732315, -0.002607579343020916, -0.00018067592463921756, 1.0, 0.0, 0.0, 0.0, 0.0, 0.0, 37354.0, 0.0, 35388.0, 0.0, 0.01586991921067238, -0.019912751391530037, 0.04615326225757599, -0.17755146787508944, 0.9455142101871559, 6.586340190530945, 20659.0
26026, -1.8768624067306519, -1.4195342063903809, -0.38674286007881165, -0.002810342237353325, -0.002563178539276123, 0.01461293175816536, -0.009502758271992207, -0.0002190483792219311, -0.00024253502488136292, -3.0, 0.0, 0.0, 0.0, 0.0, 0.0, 37354.0, 0.0, 35388.0, 0.0, 0.01571093127131462, -0.01995076611638069, 0.045723214745521545, -0.06757182505056039, 0.9186491236916936, 6.684237829027346, 20659.0
26036, -1.8565279245376587, -1.4599565267562866, -0.38782215118408203, -0.001832095324061811, -0.003032987006008625, 0.01516653597354889, -0.004264989867806435, -0.0027223187498748302, 0.0028426360804587603, -2.0, 5.0, 0.0, 0.0, 0.0, 0.0, 37354.0, 0.0, 35388.0, 0.0, 0.015717826783657074, -0.019941741600632668, 0.04572485387325287, -0.06954013692093147, 0.9196700400889313, 6.682184336853688, 20659.0
26046, -1.8266329765319824, -1.4581103324890137, -0.3878953158855438, -0.0018333784537389874, -0.0037378587294369936, 0.015195393934845924, -0.004182442557066679, -0.006331412587314844, 0.0028727238532155752, 2.0, -4.0, 0.0, 0.0, 0.0, 0.0, 37354.0, 0.0, 35388.0, 0.0, 0.015884816646575928, -0.019915081560611725, 0.04617638513445854, -0.1781908718519294, 0.9449425500958171, 6.572976188343329, 20659.0
26056, -1.8279237747192383, -1.466653823852539, -0.38977348804473877, -0.0015937004936859012, -0.0037275964859873056, 0.015224547125399113, -0.0029986840672791004, -0.006152317393571138, 0.0027646806556731462, 3.0, 0.0, 0.0, 0.0, 0.0, 0.0, 37354.0, 0.0, 35388.0, 0.0, 0.01568959653377533, -0.019822964444756508, 0.045942824333906174, -0.14719988985951574, 0.9090462187149342, 6.58254031607037, 20659.0
26066, -1.8668129444122314, -1.4096205234527588, -0.38692620396614075, -0.0029846711549907923, -0.002780757611617446, 0.015256291255354881, -0.010178633965551853, -0.001154139288701117, 0.002697756513953209, 0.0, -1.0, 0.0, 0.0, 0.0, 0.0, 37354.0, 0.0, 35388.0, 0.0, 0.015695447102189064, -0.01981635019183159, 0.04592001065611839, -0.1429236366228538, 0.9152224843371926, 6.599182380025771, 20659.0
26076, -1.8834776878356934, -1.44675612449646, -0.3888653516769409, -0.00204720557667315, -0.002320284955203533, 0.0152966920286417, -0.005177251994609833, 0.001087737618945539, 0.0028199506923556328, -4.0, 6.0, 0.0, 0.0, 0.0, 0.0, 37354.0, 0.0, 35388.0, 0.0, 0.015703251585364342, -0.01983179897069931, 0.045902859419584274, -0.1411422185950318, 0.9186374242779038, 6.606529233520812, 20659.0
26086, -1.8431063890457153, -1.4652607440948486, -0.3899349868297577, -0.0015806781593710184, -0.0032336250878870487, 0.015611649490892887, -0.0027359905652701855, -0.0038007984403520823, 0.004247299861162901, -2.0, -4.0, 0.0, 0.0, 0.0, 0.0, 37354.0, 0.0, 35388.0, 0.0, 0.015943430364131927, -0.02002553828060627, 0.045968424528837204, -0.09212577586788767, 0.9696159168381939, 6.658203182992541, 20659.0
26096, -1.8405849933624268, -1.464774489402771, -0.38873395323753357, -0.0016091003781184554, -0.003273442853242159, 0.015654025599360466, -0.0029485293198376894, -0.004162898287177086, 0.004228089936077595, 4.0, -2.0, 0.0, 0.0, 0.0, 0.0, 37354.0, 0.0, 35388.0, 0.0, 0.015932731330394745, -0.020026614889502525, 0.045975472778081894, -0.09140258626687438, 0.9726313513314437, 6.676490946083209, 20659.0
26276, -1.8622136116027832, -1.4282853603363037, -0.3887730836868286, -0.00236403476446867, -0.0028408532962203026, 0.014270177111029625, -0.0064085242338478565, -0.0022356570698320866, -0.0022504900116473436, -5.0, 4.0, 0.0, 0.0, 0.0, 0.0, 37354.0, 0.0, 35388.0, 0.0, 0.01593651995062828, -0.02003052458167076, 0.045978765934705734, -0.09101883713339527, 0.9731897316687252, 6.673080075398691, 20659.0
26306, -1.808029055595398, -1.466335415840149, -0.39327317476272583, -0.0016838921001181006, -0.004091254435479641, 0.014212123118340969, -0.00243590772151947, -0.008655461482703686, -0.002101896796375513, 0.0, 0.0, 0.0, 0.0, 0.0, 0.0, 37354.0, 0.0, 35388.0, 0.0, 0.015699125826358795, -0.019838791340589523, 0.04593459516763687, -0.14334394954845042, 0.9204739423729791, 6.599133405985456, 20659.0
26316, -1.8409603834152222, -1.4645990133285522, -0.39325031638145447, -0.0016838921001181006, -0.004091254435479641, 0.014212123118340969, -0.00243590772151947, -0.008655461482703686, -0.002101896796375513, 0.0, 0.0, 0.0, 0.0, 0.0, 0.0, 37354.0, 0.0, 35388.0, 0.0, 0.015886031091213226, -0.019910795614123344, 0.04619188979268074, -0.17752337498223955, 0.9479983078801979, 6.591290836870809, 20659.0
26556, -1.8554999828338623, -1.4606778621673584, -0.39498618245124817, -0.0013815280981361866, -0.003515703836455941, 0.015199580229818821, -0.0011224374175071716, -0.00578841520473361, 0.00042266849777661264, 2.0, 0.0, 0.0, 0.0, 0.0, 0.0, 37354.0, 0.0, 35388.0, 0.0, 0.01594783551990986, -0.020029772073030472, 0.04600139707326889, -0.09438386697473358, 0.9747417068813604, 6.667051422640872, 20976.0
26706, -1.8390567302703857, -1.46885347366333, -0.39655566215515137, -0.00142366299405694, -0.0033445656299591064, 0.014967486262321472, -0.0013814264675602317, -0.004976971540600061, 0.0014309992548078299, 3.0, -4.0, 0.0, 0.0, 0.0, 0.0, 37354.0, 0.0, 35388.0, 0.0, 0.015767522156238556, -0.020030375570058823, 0.045658279210329056, -0.004583664957137578, 0.9261860040813588, 6.724733890371331, 20976.0
26856, -1.8674423694610596, -1.46727454662323, -0.3971770703792572, -0.0014031837927177548, -0.003752416931092739, 0.014446524903178215, -0.002039528451859951, -0.006489205174148083, -0.0013348532374948263, 0.0, 0.0, 0.0, 0.0, 0.0, 0.0, 37354.0, 0.0, 35388.0, 0.0, 0.01410043053328991, -0.0193314328789711, 0.04709902033209801, 0.43734524209747605, -0.13364804022896237, 5.6636913419394865, 20976.0
26966, -1.8206181526184082, -1.467652678489685, -0.3994990885257721, -0.0016368606593459845, -0.0031523192301392555, 0.015246856957674026, -0.002797781489789486, -0.0039789858274161816, 0.0024183474015444517, 0.0, 1.0, 0.0, 0.0, 0.0, 0.0, 37354.0, 0.0, 35388.0, 0.0, 0.01589266210794449, -0.020570125430822372, 0.047005001455545425, 0.5220902075095052, 0.7560625860345453, 7.0465953986362, 20976.0
27016, -1.8523584604263306, -1.4681446552276611, -0.3977552056312561, -0.001622301060706377, -0.003341377479955554, 0.015244800597429276, -0.0026714291889220476, -0.005069088190793991, 0.0011396141489967704, 1.0, -1.0, 0.0, 0.0, 0.0, 0.0, 37354.0, 0.0, 35388.0, 0.0, 0.015305248089134693, -0.01751270331442356, 0.04788369685411453, -0.8125221620854028, 0.757993855626836, 6.341722543352308, 20976.0
27076, -1.8754379749298096, -1.4675604104995728, -0.39706557989120483, -0.0009784464491531253, -0.004191678017377853, 0.015186314471065998, 0.0009169370750896633, -0.009275545366108418, 0.00037995362072251737, -3.0, 2.0, 0.0, 0.0, 0.0, 0.0, 37354.0, 0.0, 35388.0, 0.0, 0.015467192977666855, -0.020493587478995323, 0.04600520804524422, 0.6885676754871703, 0.3180187204600031, 6.733504054380538, 20976.0
27126, -1.8466684818267822, -1.4716771841049194, -0.4002295732498169, -0.001609643455594778, -0.0035524782724678516, 0.014640291221439838, -0.002113507129251957, -0.005644213408231735, -0.002372384537011385, -3.0, 2.0, 0.0, 0.0, 0.0, 0.0, 37354.0, 0.0, 35388.0, 0.0, 0.015762802213430405, -0.02064167521893978, 0.045254357159137726, 0.5211040702671049, -0.11436561112148524, 6.8129020897639165, 20976.0
27146, -1.8637431859970093, -1.4477217197418213, -0.3988795578479767, -0.001609643455594778, -0.0035524782724678516, 0.014640291221439838, -0.002113507129251957, -0.005644213408231735, -0.002372384537011385, -3.0, 2.0, 0.0, 0.0, 0.0, 0.0, 37354.0, 0.0, 35388.0, 0.0, 0.015636272728443146, -0.01991083100438118, 0.04630158096551895, 0.6615227827067948, 0.09993671913397861, 7.018113889454785, 20976.0
27166, -1.8353831768035889, -1.4570285081863403, -0.39977967739105225, -0.001609643455594778, -0.0035524782724678516, 0.014640291221439838, -0.002113507129251957, -0.005644213408231735, -0.002372384537011385, -3.0, 2.0, 0.0, 0.0, 0.0, 0.0, 37354.0, 0.0, 35388.0, 0.0, 0.016125041991472244, -0.019235029816627502, 0.04726390913128853, 0.26056629705025786, 0.19882044456159065, 6.3839007271868775, 20976.0
27406, -1.8179130554199219, -1.455258846282959, -0.4015105664730072, -0.0018050615908578038, -0.003647294593974948, 0.013393192552030087, -0.003949880599975586, -0.004799965303391218, -0.0038942338433116674, 0.0, 0.0, 0.0, 0.0, 0.0, 0.0, 37354.0, 0.0, 35388.0, 0.0, 0.014820924028754234, -0.017699919641017914, 0.04665286839008331, -0.9707846391957763, 0.7957983185033299, 6.090434474636405, 20976.0
27646, -1.859143853187561, -1.4588000774383545, -0.3993993401527405, -0.0016687163151800632, -0.0032287391368299723, 0.015085777267813683, -0.002213043160736561, -0.003534031333401799, 0.0059457626193761826, -4.0, 4.0, 0.0, 0.0, 0.0, 0.0, 37354.0, 0.0, 35388.0, 0.0, 0.014912866055965424, -0.017893241718411446, 0.04718897119164467, -0.7786506725422486, 0.3797998930739084, 6.291321429284224, 22033.0
27716, -1.85247802734375, -1.4688957929611206, -0.3973935842514038, -0.0016447928501293063, -0.003195147030055523, 0.015275713987648487, -0.0021378262899816036, -0.0030738445930182934, 0.004989369306713343, 0.0, 0.0, 0.0, 0.0, 0.0, 0.0, 37354.0, 0.0, 35388.0, 0.0, 0.015173256397247314, -0.018882205709815025, 0.04709915071725845, -0.6120872798261804, 0.5765995545043552, 6.530417183607974, 22033.0
27726, -1.8619158267974854, -1.4700446128845215, -0.39694371819496155, -0.0016447928501293063, -0.003195147030055523, 0.015275713987648487, -0.0021378262899816036, -0.0030738445930182934, 0.004989369306713343, 0.0, 0.0, 0.0, 0.0, 0.0, 0.0, 37354.0, 0.0, 35388.0, 0.0, 0.015325205400586128, -0.0195312537252903, 0.04715199023485184, -0.1274265413927753, 0.7988390545085338, 6.925102026725941, 22033.0
27746, -1.8415501117706299, -1.4680038690567017, -0.39730948209762573, -0.0016447928501293063, -0.003195147030055523, 0.015275713987648487, -0.0021378262899816036, -0.0030738445930182934, 0.004989369306713343, 0.0, 0.0, 0.0, 0.0, 0.0, 0.0, 37354.0, 0.0, 35388.0, 0.0, 0.015466853976249695, -0.021223142743110657, 0.04570732265710831, 0.6620172879448557, 0.7174063577816412, 6.7381816217839665, 22033.0
27926, -1.8566815853118896, -1.4517537355422974, -0.39937514066696167, -0.0014234207337722182, -0.003400309942662716, 0.01601116545498371, -0.0012309338198974729, -0.004501956980675459, 0.004647505935281515, 2.0, 0.0, 0.0, 0.0, 0.0, 0.0, 37354.0, 0.0, 35388.0, 0.0, 0.015393069945275784, -0.018916696310043335, 0.04776492714881897, -0.7695106553421261, 0.434972564643175, 6.4662089565496474, 22033.0
27996, -1.8131694793701172, -1.449979305267334, -0.40100640058517456, -0.001664065639488399, -0.003876942675560713, 0.015746386721730232, -0.002360306214541197, -0.00745617737993598, 0.0022653324995189905, 2.0, 0.0, 0.0, 0.0, 0.0, 0.0, 37354.0, 0.0, 35388.0, 0.0, 0.016400087624788284, -0.021096503362059593, 0.045931655913591385, 1.2932414355974706, 0.9591576275197156, 6.920746657489286, 22033.0
28256, -0.6238484978675842, -1.3758479356765747, -0.5988487601280212, -0.00048456620424985886, -0.004162401892244816, 0.014363449066877365, 0.036682263016700745, 0.03439096361398697, -0.014635355211794376, 0.0, -6.0, 20102.0, 2377.0, 858.0, -5019.0, 38024.0, 18422.0, 35820.0, 21418.0, 0.015455716289579868, -0.019265765324234962, 0.04645698145031929, -0.3125130497795814, 0.8271303447126002, 7.133300360237325, 22033.0
28296, -0.9722328782081604, -1.0130698680877686, -0.9623335003852844, -0.004945883061736822, -0.009218519553542137, 0.014608562923967838, 0.015596085228025913, 0.007555326912552118, 0.004399717785418034, -26.0, -10.0, 20102.0, 2377.0, 858.0, -5019.0, 38024.0, 18422.0, 35820.0, 21418.0, 0.014839496463537216, -0.021041322499513626, 0.04693383350968361, 1.1141397839146479, 0.627122087523162, 7.083773760604575, 22033.0
28346, -3.2457334995269775, -0.9160652160644531, -0.12923386693000793, -0.0022257440723478794, 0.006112797651439905, 0.018103787675499916, 0.03205571323633194, 0.08340322971343994, 0.007311241701245308, 1.0, 5.0, 20102.0, 2377.0, 858.0, -5019.0, 37354.0, 21882.0, 8614.0, 18321.0, 0.015082094818353653, -0.019022665917873383, 0.04710163176059723, 0.3585113619698546, 0.46651738975899093, 6.569829389731752, 22033.0
28386, -3.5569777488708496, -1.2218116521835327, -0.1195882260799408, -0.004704357590526342, 0.005350247025489807, 0.01903594844043255, 0.01844845339655876, 0.07803299278020859, -0.006336696911603212, -9.0, 13.0, 20102.0, 2377.0, 858.0, -5019.0, 38455.0, 21636.0, 65535.0, 18568.0, 0.015554209239780903, -0.019271017983555794, 0.04622550681233406, -0.3210322692472798, 1.156699132458499, 7.247315043810992, 22033.0
28396, -2.9935970306396484, -1.3179160356521606, 0.06933154910802841, -0.004704357590526342, 0.005350247025489807, 0.01903594844043255, 0.01844845339655876, 0.07803299278020859, -0.006336696911603212, -9.0, 13.0, 20102.0, 2377.0, 858.0, -5019.0, 38455.0, 21636.0, 65535.0, 18568.0, 0.015325897373259068, -0.019747424870729446, 0.04634212702512741, 0.08777171041838884, 0.7531139281233834, 6.8618719188208015, 22033.0
28496, -1.8019365072250366, -1.0877400636672974, -0.5036713480949402, -0.001541784149594605, 0.00758931552991271, 0.0184733085334301, 0.04175477847456932, 0.0829005166888237, 0.05260584503412247, 19.0, 6.0, 20142.0, -600.0, 825.0, -1856.0, 37028.0, 21614.0, 29237.0, 17804.0, 0.015432958491146564, -0.019207244738936424, 0.045718587934970856, -0.10516173871948002, 0.930688171034376, 6.778621206890442, 22033.0
28656, -2.731079578399658, -0.42646893858909607, -0.37440961599349976, -0.003933606203645468, 0.004919141065329313, 0.019268527626991272, 0.02206813357770443, 0.0420369915664196, -0.035819265991449356, 4.0, -1.0, 20102.0, 429.0, -840.0, 2489.0, 37049.0, 24249.0, 50550.0, 15536.0, 0.01650664210319519, -0.019749019294977188, 0.04631388932466507, 0.6831863585230484, 0.5608572993613166, 6.665192096616617, 22033.0
28696, -1.4709889888763428, -0.46644046902656555, -0.30466076731681824, -0.0041925557889044285, 0.0024619277101010084, 0.018082227557897568, 0.019554655998945236, 0.03577999398112297, -2.9564633223344572e-05, 10.0, 3.0, 20102.0, 429.0, -840.0, 2489.0, 37205.0, 20743.0, 63003.0, 19460.0, 0.015651945024728775, -0.017349477857351303, 0.05047957971692085, 0.442683006194547, 0.12795065182524468, 5.678426632977486, 22033.0
28776, -0.0606469064950943, -0.6574002504348755, -0.6712257862091064, -0.002682544058188796, 0.00457243574783206, 0.01715618558228016, 0.026718726381659508, 0.040419016033411026, -0.009423424489796162, -19.0, -8.0, 19653.0, -2632.0, 891.0, -286.0, 36706.0, 19126.0, 39045.0, 19735.0, 0.015724649652838707, -0.018373357132077217, 0.050325289368629456, 0.3268657850917656, 0.05715088128516754, 5.713496310955128, 22033.0
28996, -0.8986408710479736, -0.33516404032707214, -0.4119971990585327, -0.0035331465769559145, 0.003333084052428603, 0.01640525460243225, 0.014036529697477818, 0.020676739513874054, -0.03137055039405823, 0.0, 0.0, 20772.0, -2550.0, 49.0, -743.0, 38947.0, 21593.0, 2621.0, 19951.0, 0.01762082427740097, -0.003225182183086872, 0.04932475835084915, 0.14230452167725743, 2.0069758511617124, -173.77453824249775, 22033.0
29036, 1.191296935081482, -0.4122949242591858, -0.4390832483768463, -0.00312958681024611, -0.002075974829494953, 0.0190924983471632, 0.014108531177043915, -0.0011662151664495468, 0.0062460871413350105, 0.0, 0.0, 19897.0, -2884.0, -191.0, 1869.0, 39387.0, 17404.0, 65535.0, 22809.0, 0.016161641106009483, -0.017105335369706154, 0.04854331538081169, 0.3354206524041119, 0.6021166123354362, 6.424363611575072, 22033.0
29106, -1.2797330617904663, -0.5162348747253418, -0.09322762489318848, -0.0015062257880344987, 0.0026898097712546587, 0.01798175275325775, 0.02079738676548004, 0.015298551879823208, -0.030548950657248497, 4.0, -4.0, 20102.0, 4523.0, -1319.0, -32767.0, 37403.0, 22365.0, 30559.0, 17839.0, 0.01644696481525898, -0.01937699131667614, 0.04889886453747749, 1.1070353692055732, 0.5102702270469592, 6.3149465019921465, 22033.0
29186, 1.1880977153778076, -0.04039211943745613, -0.45454782247543335, -0.0037480483297258615, -0.00022884842474013567, 0.01903953030705452, 0.005474611651152372, 0.010496588423848152, 0.011565434746444225, -12.0, -3.0, 22111.0, -5103.0, -5859.0, 13571.0, 37368.0, 20700.0, 25372.0, 24863.0, 0.01622653193771839, -0.017412934452295303, 0.04595370218157768, -0.5403743174151828, 0.36432074436370954, 7.034044728608719, 22033.0
29376, -1.0668190717697144, 0.1510891318321228, -0.6732529997825623, -0.005630502477288246, -0.0005336258327588439, 0.02044854499399662, -0.005305059254169464, 0.004535374231636524, -0.003972603473812342, -25.0, 22.0, 22828.0, 3941.0, 2585.0, -32767.0, 38157.0, 23792.0, 44169.0, 22699.0, 0.016807548701763153, -0.016790276393294334, 0.04719226062297821, 0.31249755271382085, 0.7462078161629222, 6.716856685430987, 22033.0
29556, 0.6366126537322998, 0.190597802400589, -0.3748071491718292, -0.012645618990063667, 0.010271566919982433, 0.01920982263982296, -0.01488303393125534, 0.02657691203057766, 0.11103302240371704, -1.0, 1.0, 24563.0, -1276.0, 454.0, -32767.0, 37302.0, 24463.0, 41938.0, 25122.0, 0.016431087628006935, -0.013772590085864067, 0.04866888001561165, 0.6280588147564428, -0.09442454287281521, 5.535026013707618, 22033.0
29616, -1.1576250791549683, -0.3829959034919739, -1.1309881210327148, -0.015477954410016537, 0.01534230075776577, 0.023853370919823647, -0.026485854759812355, 0.045759283006191254, -0.037689030170440674, -44.0, -15.0, 24793.0, 7787.0, 1292.0, 32767.0, 37302.0, 24463.0, 41938.0, 25122.0, 0.018382223322987556, -0.023207247257232666, 0.053318463265895844, -3.639509036895956, -0.36930227162579854, 7.844837378561066, 22033.0
29736, -1.574621319770813, -0.10506261140108109, -1.1275829076766968, -0.008524904027581215, 0.034124258905649185, 0.024129517376422882, 0.020479051396250725, 0.10698535293340683, -0.029209494590759277, -5.0, -6.0, 24793.0, 2269.0, 2831.0, -32767.0, 37556.0, 28056.0, 46872.0, 21530.0, 0.02177412249147892, -0.018812356516718864, 0.05115392804145813, -1.3011560811397707, -1.3146274931871744, 8.414717142244227, 22033.0
29896, -0.9883232116699219, -0.1729176938533783, -0.11223602294921875, -0.028954999521374702, 0.06240881234407425, 0.016096219420433044, -0.05194975063204765, 0.17164546251296997, 0.029905900359153748, -32.0, 0.0, 25247.0, 4678.0, -1306.0, 27057.0, 37331.0, 23706.0, 25573.0, 25921.0, 0.026526395231485367, -0.026968874037265778, 0.05229392275214195, -1.8753612328304226, -0.9422806072925312, 10.939120022052492, 24433.0
30176, -0.3282518684864044, -0.24495232105255127, -0.3350268304347992, -0.02051866240799427, 0.08266047388315201, 0.02107323706150055, -0.0010835140710696578, 0.09596683084964752, 0.11791825294494629, -6.0, 5.0, 25462.0, 1161.0, 714.0, 32767.0, 37447.0, 25789.0, 45933.0, 25209.0, 0.02859184518456459, -0.016047492623329163, 0.055832721292972565, 0.2084500091838685, -1.9131689131846485, 4.238542312390618, 24433.0
30286, -0.007934997789561749, -0.7832421660423279, -0.12506799399852753, -0.01942615956068039, 0.08472840487957001, 0.01999477483332157, 0.00975686963647604, 0.07295187562704086, 0.187364861369133, -4.0, -2.0, 29482.0, -1023.0, 687.0, -2721.0, 37606.0, 31033.0, 36680.0, 27467.0, 0.03409784659743309, -0.01195043046027422, 0.06788350641727448, 0.23011092465922509, -3.998737553283405, 6.273250369612124, 24433.0
30526, -1.1536451578140259, 0.5464258790016174, -1.489964485168457, -0.04068918898701668, 0.12062091380357742, 0.016550038009881973, -0.10394877940416336, 0.1956309974193573, -0.028464334085583687, 0.0, 0.0, 30823.0, -1477.0, -61.0, 26125.0, 37606.0, 28644.0, 65396.0, 33001.0, 0.09446032345294952, 0.01581452041864395, 0.11188297718763351, 4.751893715049129, -4.275349739621646, 7.440370726016429, 24433.0
30536, -1.3039391040802002, 0.13751479983329773, -1.0432336330413818, -0.04068918898701668, 0.12062091380357742, 0.016550038009881973, -0.10394877940416336, 0.1956309974193573, -0.028464334085583687, 0.0, 0.0, 30823.0, -1477.0, -61.0, 26125.0, 37606.0, 28644.0, 65396.0, 33001.0, 0.10134786367416382, 0.011494586244225502, 0.11654334515333176, 4.057058011420534, -4.20196093014431, 10.738211062105037, 24433.0
30596, 0.7530636787414551, -0.6554036140441895, -0.2518254816532135, -0.02083572931587696, 0.10462358593940735, 0.0251848753541708, 0.022313550114631653, 0.061128515750169754, 0.001106464071199298, 52.0, 11.0, 32164.0, -6596.0, -442.0, 10997.0, 37724.0, 34367.0, 41630.0, 28620.0, 0.12359204888343811, 0.014266607351601124, 0.13587825000286102, 5.4643235380667425, -3.7636658873627766, 10.271777831360879, 24433.0
30646, -0.6077738404273987, -1.0374411344528198, 0.7646660208702087, -0.019321715459227562, 0.0884065106511116, 0.02472268044948578, 0.03448145464062691, -0.04246219992637634, 0.08884761482477188, 32.0, -15.0, 32164.0, -6596.0, -442.0, 10997.0, 37749.0, 34538.0, 52200.0, 29789.0, 0.14067895710468292, 0.011705214157700539, 0.15438339114189148, 3.8493224282040455, -5.231339873894825, 7.341252157389531, 24433.0
30776, -0.10247481614351273, -1.3995648622512817, 1.7091519832611084, -0.030796615406870842, 0.05335884168744087, 0.026272619143128395, -0.015665685757994652, -0.16899661719799042, 0.006595058366656303, 0.0, 0.0, 31494.0, -4765.0, -213.0, -14332.0, 37859.0, 34606.0, 15701.0, 28381.0, 0.18524812161922455, 0.003976508975028992, 0.21183478832244873, 2.327971543787096, -7.949171299913388, 6.39379980880946, 25205.0
30916, 1.7228974103927612, -0.17598387598991394, 1.9345905780792236, -0.04603715240955353, 0.047704633325338364, 0.029616359621286392, -0.04811076074838638, -0.10632017254829407, 0.07080330699682236, 0.0, -38.0, 34174.0, 8171.0, -1111.0, 32767.0, 36766.0, 29644.0, 2621.0, 37362.0, 0.2511947453022003, 0.0019210120663046837, 0.2799645662307739, 1.726003703368596, -8.475967622334196, 8.451509811332315, 25205.0
31106, -1.960328221321106, -1.1068850755691528, 1.097307801246643, -0.00289642415009439, 0.049424465745687485, 0.03128604590892792, 0.1253790408372879, -0.02043324150145054, 0.021317653357982635, -3.0, 11.0, 34844.0, 1743.0, 99.0, 23220.0, 38053.0, 39482.0, 23008.0, 32884.0, 0.3820827901363373, 0.01372884213924408, 0.409967303276062, 1.3767383257763681, -5.102261902024935, 5.3557966629925176, 25205.0
31176, -2.5508639812469482, -1.3684738874435425, -0.2630966901779175, 0.0003813104995060712, 0.05043600872159004, 0.0352928563952446, 0.10802514106035233, -0.007883724756538868, 0.10904259979724884, 5.0, 6.0, 36183.0, -4332.0, 244.0, 32767.0, 37498.0, 38367.0, 51747.0, 36680.0, 0.41706404089927673, 0.015478558838367462, 0.45427894592285156, 4.988465009858243, -4.8177046312069365, 7.786516286311654, 25205.0
31406, 0.5622380971908569, -4.940423011779785, -2.8968350887298584, 0.023961590602993965, 0.03625690937042236, 0.0638769343495369, 0.20736360549926758, -0.01514583919197321, 0.20214468240737915, 3.0, -23.0, 40204.0, -4611.0, 2061.0, -18811.0, 39378.0, 36392.0, 48651.0, 45355.0, 0.5214061141014099, 0.02880740351974964, 0.666825532913208, 2.6774908567102584, -4.992859744858691, 7.275894750685559, 25205.0
31506, 3.073906660079956, -5.243691444396973, -0.8815068602561951, 0.045789215713739395, 0.06900779157876968, 0.07501726597547531, 0.3018273711204529, 0.1089649572968483, 0.2839122414588928, -13.0, -15.0, 42215.0, 1615.0, 4198.0, -32767.0, 39055.0, 47468.0, 49996.0, 36961.0, 0.5927395224571228, 0.030974749475717545, 0.8352422118186951, 5.955369187164345, -4.881795204422161, 11.096086259205006, 25205.0
31546, 1.5030393600463867, -5.025201320648193, -1.7827754020690918, 0.05492866784334183, 0.08213424682617188, 0.08349870890378952, 0.32062360644340515, 0.14126835763454437, 0.2542491555213928, -13.0, -15.0, 42886.0, -3392.0, 3971.0, -32767.0, 39272.0, 39821.0, 29010.0, 45951.0, 0.6048973202705383, 0.03782609850168228, 0.8761986494064331, 4.16285566757679, -5.767781603048803, 8.584279392299667, 25205.0
31596, 0.1040487065911293, -4.453753471374512, -0.32038259506225586, 0.07786040753126144, 0.10062471777200699, 0.09975571930408478, 0.38577303290367126, 0.17262542247772217, 0.29249322414398193, -13.0, -15.0, 42886.0, -3392.0, 3971.0, -32767.0, 38262.0, 36955.0, 52220.0, 48817.0, 0.623215913772583, 0.030527252703905106, 0.9160658121109009, 1.8496221827832964, -6.5774811517364355, 10.494164262404665, 25205.0
31706, 2.2377593517303467, -4.357890605926514, 0.12986037135124207, 0.10738182812929153, 0.12244918197393417, 0.13947439193725586, 0.4147535264492035, 0.16388364136219025, 0.4391631484031677, -31.0, -15.0, 42886.0, -3392.0, 3971.0, -32767.0, 39102.0, 37435.0, 49614.0, 46995.0, 0.6752103567123413, 0.03200075030326843, 1.007704734802246, 2.7152621377295407, -4.809355934251812, 7.8335386733797945, 26268.0
31756, 0.85404372215271, -5.09296989440918, 2.402094602584839, 0.11450161784887314, 0.11907497048377991, 0.15461021661758423, 0.39796537160873413, 0.10718055069446564, 0.39949941635131836, 16.0, -3.0, 42886.0, -3392.0, 3971.0, -32767.0, 39002.0, 45185.0, 29506.0, 39245.0, 0.6946367621421814, 0.0338296964764595, 1.0365997552871704, 3.0220587778444474, -4.9876232379094745, 6.8249270299772435, 26268.0
31806, -0.41416531801223755, -6.446040630340576, -1.251180648803711, 0.1349571943283081, 0.11843521893024445, 0.1791495829820633, 0.44074469804763794, 0.06935151666402817, 0.4708457887172699, -10.0, -5.0, 42886.0, -3392.0, 3971.0, -32767.0, 38767.0, 47752.0, 10780.0, 36677.0, 0.7155137062072754, 0.03138091787695885, 1.0569162368774414, 4.340667851032817, -5.001195242576216, 13.471568227569408, 26268.0
31816, 0.06129108741879463, -6.528165340423584, 1.84746253490448, 0.1349571943283081, 0.11843521893024445, 0.1791495829820633, 0.44074469804763794, 0.06935151666402817, 0.4708457887172699, -10.0, -5.0, 42886.0, -3392.0, 3971.0, -32767.0, 38767.0, 47752.0, 10780.0, 36677.0, 0.717077910900116, 0.030820772051811218, 1.0588542222976685, 3.9984761054725237, -5.257068880046575, 10.882720476234692, 26268.0
32046, -2.7034647464752197, -6.966056823730469, 1.7587013244628906, 0.2657621502876282, 0.14136189222335815, 0.3115713894367218, 0.725924551486969, 0.12056659907102585, 0.6297402381896973, 0.0, -1.0, 42215.0, -1919.0, 5690.0, 6013.0, 39336.0, 45591.0, 41510.0, 38839.0, 0.8118318319320679, 0.008475128561258316, 1.0746780633926392, 2.8274598839605454, -6.497275150580947, 9.812767326489816, 26268.0
32066, -2.5362496376037598, -6.6245222091674805, 2.017911434173584, 0.2657621502876282, 0.14136189222335815, 0.3115713894367218, 0.725924551486969, 0.12056659907102585, 0.6297402381896973, 0.0, -1.0, 42215.0, -5577.0, 4273.0, 32767.0, 39336.0, 45591.0, 41510.0, 38839.0, 0.8212074637413025, 0.0038502197712659836, 1.0704683065414429, 2.689148943771465, -6.170599359189083, 12.744622787850703, 26268.0
32116, -1.8586053848266602, -5.60484504699707, 0.6302851438522339, 0.2996354401111603, 0.14764700829982758, 0.34209439158439636, 0.7642713189125061, 0.134113147854805, 0.5780112147331238, 0.0, -1.0, 42886.0, 3614.0, 1455.0, 32767.0, 38804.0, 42139.0, 2621.0, 42291.0, 0.8481665849685669, 0.0009576231241226196, 1.0550119876861572, 3.3582416414001344, -7.100189627731083, 12.526684306517316, 26268.0
32226, 1.2070561647415161, -3.109699249267578, -1.4520808458328247, 0.3776344656944275, 0.1433425098657608, 0.4171724021434784, 0.8188051581382751, 0.0846865326166153, 0.7003899812698364, -10.0, -3.0, 42886.0, 3614.0, 1455.0, 32767.0, 37890.0, 40973.0, 7721.0, 43457.0, 0.8992279171943665, -0.009435340762138367, 1.0134384632110596, 3.7676468724369427, -3.8237498075662586, 7.1731581558836135, 26268.0
32356, 0.8857485055923462, -2.665766954421997, -3.3861567974090576, 0.4643423557281494, 0.15886016190052032, 0.501693606376648, 0.840390682220459, 0.09006702154874802, 0.7029080390930176, -17.0, -1.0, 42215.0, -1788.0, 3076.0, -24570.0, 38195.0, 42875.0, 60426.0, 41555.0, 0.9565744400024414, -0.02370557375252247, 0.9433100819587708, 2.9443915720114497, -6.807676794167378, 10.350330809267508, 26953.0
32366, 0.4810396730899811, -2.584752321243286, -1.4370216131210327, 0.4643423557281494, 0.15886016190052032, 0.501693606376648, 0.840390682220459, 0.09006702154874802, 0.7029080390930176, -17.0, -1.0, 42215.0, -1788.0, 3076.0, -24570.0, 38195.0, 42875.0, 60426.0, 41555.0, 0.960852861404419, -0.025456372648477554, 0.9377646446228027, 4.097547417895847, -6.242966070566837, 9.717692007513302, 26953.0
32376, 0.20230701565742493, -2.543165922164917, -1.4846525192260742, 0.4643423557281494, 0.15886016190052032, 0.501693606376648, 0.840390682220459, 0.09006702154874802, 0.7029080390930176, -17.0, -1.0, 42215.0, -1788.0, 3076.0, -24570.0, 38195.0, 42875.0, 60426.0, 41555.0, 0.9645113348960876, -0.02090327814221382, 0.9318780303001404, 2.993678525580499, -6.9988515385841765, 6.051520820284304, 26953.0
32696, 1.1664934158325195, -3.045055389404297, 0.18633553385734558, 0.7118827700614929, 0.25311553478240967, 0.8116642236709595, 0.8957542181015015, 0.1672525703907013, 0.9372498393058777, -18.0, -2.0, 42215.0, -1788.0, 3076.0, -24570.0, 38573.0, 35533.0, 42321.0, 39515.0, 1.0751407146453857, -0.039293933659791946, 0.7955817580223083, 1.5925811085445354, -8.611551522394194, 8.396976702224928, 26953.0
32816, 2.1712701320648193, -2.7791104316711426, -1.4939789772033691, 0.783376157283783, 0.2558869421482086, 0.9077323079109192, 0.8864972591400146, 0.13065089285373688, 0.6908091306686401, -25.0, -2.0, 42215.0, -1788.0, 3076.0, -24570.0, 37616.0, 36959.0, 43686.0, 34071.0, 1.1435590982437134, -0.03582669794559479, 0.7885603904724121, -1.0355591020697068, -6.750762434547539, 8.582604254727023, 26953.0
33076, 1.8447221517562866, -2.127241611480713, 1.4915357828140259, 0.9352290630340576, 0.25929245352745056, 1.0254237651824951, 0.8725147843360901, 0.06355305761098862, 0.3052515387535095, 12.0, 4.0, 35515.0, -8547.0, 1781.0, -32026.0, 38189.0, 35353.0, 25947.0, 38354.0, 1.2122501134872437, -0.008987799286842346, 0.8342708945274353, -0.5829342525091874, -7.561379920826823, 11.097971832661344, 26953.0
33236, 1.2752891778945923, -2.6934263706207275, -1.1653568744659424, 1.0266941785812378, 0.2722245156764984, 1.0608900785446167, 0.8500813245773315, 0.03056357242166996, 0.06687048077583313, 3.0, -3.0, 35515.0, -8547.0, 1781.0, -32026.0, 38210.0, 33286.0, 18121.0, 37743.0, 1.254785180091858, 0.016950933262705803, 0.8996514081954956, -1.1954483227702548, -9.147517850200387, 8.060252847768133, 26953.0
33346, 0.5939840078353882, -2.939877510070801, 0.01595289818942547, 1.084384560585022, 0.2605701684951782, 1.066179633140564, 0.8449432849884033, -0.01543001364916563, -0.04236311838030815, -4.0, 0.0, 35515.0, 1212.0, 1098.0, 5447.0, 38210.0, 33286.0, 18121.0, 37743.0, 1.2761492729187012, 0.02434709295630455, 0.9303203821182251, -1.0868849670905987, -9.350360963619408, 11.595269040036262, 26953.0
33576, 0.736924946308136, -2.1643753051757812, 2.0515782833099365, 1.1763495206832886, 0.2499510496854782, 1.0370162725448608, 0.8222761154174805, -0.06159433349967003, -0.23689275979995728, -10.0, 4.0, 36183.0, -1225.0, 2262.0, 3207.0, 34363.0, 36856.0, 2621.0, 34174.0, 1.3477503061294556, 0.07176674157381058, 1.0579935312271118, -0.06759197122593642, -11.001503728289691, 7.116189154757937, 26953.0
33696, 2.3743948936462402, -1.928952932357788, -1.9011480808258057, 1.230832815170288, 0.22919106483459473, 0.9963306784629822, 0.810364305973053, -0.10371360182762146, -0.3650587797164917, 0.0, -10.0, 36183.0, 3707.0, 2982.0, -15168.0, 35058.0, 37172.0, 2621.0, 35194.0, 1.3959128856658936, 0.08084786683320999, 1.124708652496338, 4.058157340305658, -11.824590706142175, 10.192742644646643, 26953.0
33716, 1.8980928659439087, -1.902483344078064, -2.74672532081604, 1.230832815170288, 0.22919106483459473, 0.9963306784629822, 0.810364305973053, -0.10371360182762146, -0.3650587797164917, 0.0, -10.0, 35515.0, -2333.0, 824.0, -23784.0, 35058.0, 37172.0, 2621.0, 35194.0, 1.4104121923446655, 0.08527417480945587, 1.1451847553253174, 2.7926434188427303, -11.469184041163032, 8.028585722661733, 26953.0
33876, 1.6140227317810059, -2.949387788772583, -2.3520987033843994, 1.2780005931854248, 0.19810272753238678, 0.9077154397964478, 0.7514856457710266, -0.1778753399848938, -0.5644733309745789, 17.0, 2.0, 35515.0, 1584.0, 2580.0, -88.0, 40081.0, 29292.0, 65535.0, 43073.0, 1.508243441581726, 0.10678312182426453, 1.2737103700637817, 4.284631781425991, -10.030007241214008, 8.26313342589566, 26953.0
34076, -0.21101145446300507, -3.0993173122406006, -0.8000556826591492, 1.2820124626159668, 0.2399323731660843, 0.8074894547462463, 0.701442539691925, -0.12889495491981506, -0.40888410806655884, 4.0, 1.0, 44225.0, 5009.0, 1891.0, -11288.0, 40428.0, 47782.0, 2621.0, 42007.0, 1.5942509174346924, 0.11390594393014908, 1.3932400941848755, 5.481746194295859, -5.960934210438211, 8.311976988235894, 26953.0
34176, -2.2801525592803955, -1.6872347593307495, -2.1177237033843994, 1.3002333641052246, 0.1743852198123932, 0.7882484197616577, 0.7249273061752319, -0.19578124582767487, -0.23118814826011658, 7.0, 0.0, 44895.0, 3207.0, -688.0, -32767.0, 40149.0, 45133.0, 2621.0, 44656.0, 1.6464763879776, 0.11277351528406143, 1.463887095451355, 2.0604743141817017, -8.590440891871083, 8.602021542107584, 26953.0
34256, -3.39463210105896, -0.7360349893569946, -2.246248483657837, 1.327548623085022, 0.17400169372558594, 0.7670564651489258, 0.7191061973571777, -0.1455056071281433, -0.035009823739528656, -4.0, -6.0, 44895.0, 3207.0, -688.0, -32767.0, 37166.0, 46054.0, 2621.0, 42396.0, 1.6788935661315918, 0.11342135071754456, 1.515068769454956, 2.4263945860242964, -8.639342904165801, 9.226842947292532, 26953.0
34346, -3.4197487831115723, -0.882209837436676, 3.40903377532959, 1.3286830186843872, 0.17019382119178772, 0.7681899666786194, 0.6776416897773743, -0.09831119328737259, 0.06476717442274094, -31.0, -2.0, 44225.0, 10646.0, -70.0, -18057.0, 35787.0, 50466.0, 65535.0, 37983.0, 1.7283720970153809, 0.11517292261123657, 1.5953829288482666, 3.4883946580701766, -8.982675848704957, 13.068085246082445, 26953.0
34466, -1.7275378704071045, -1.2307473421096802, -1.2453701496124268, 1.3452231884002686, 0.14479465782642365, 0.8065615296363831, 0.6174929141998291, -0.04583340883255005, 0.34227001667022705, -10.0, -3.0, 44225.0, -7177.0, 1589.0, 331.0, 39163.0, 39383.0, 2621.0, 49066.0, 1.8236178159713745, 0.10901330411434174, 1.7458044290542603, 3.2531598963223445, -8.863828147081563, 4.297506906848564, 26953.0
34516, -2.633760690689087, -1.7408196926116943, 0.047225307673215866, 1.3625625371932983, 0.13421261310577393, 0.8263952732086182, 0.6184442639350891, -0.03642035648226738, 0.45168638229370117, -14.0, 0.0, 44225.0, -7177.0, 1589.0, 331.0, 37975.0, 48912.0, 46730.0, 39538.0, 1.862165093421936, 0.10489331185817719, 1.7952768802642822, 4.362446257986711, -8.011259991658534, 8.135652135439818, 26953.0
34556, -0.796963632106781, -1.715798258781433, -1.5537976026535034, 1.3612797260284424, 0.11974166333675385, 0.8528152704238892, 0.5991566777229309, -0.03459971025586128, 0.5709371566772461, -5.0, 1.0, 44225.0, -7177.0, 1589.0, 331.0, 37217.0, 46256.0, 52765.0, 43533.0, 1.8934638500213623, 0.10168223828077316, 1.8316746950149536, 4.442532410250748, -7.8021488501584315, 8.177530317365674, 26953.0
34586, -2.159419298171997, -2.0482404232025146, -1.306198000907898, 1.3612797260284424, 0.11974166333675385, 0.8528152704238892, 0.5991566777229309, -0.03459971025586128, 0.5709371566772461, 13.0, 6.0, 44225.0, -7177.0, 1589.0, 331.0, 39087.0, 39129.0, 6107.0, 50661.0, 1.9059522151947021, 0.0975075215101242, 1.8430233001708984, 3.3096134849946304, -6.346037921181875, 8.171678839356781, 26953.0
34636, -3.692937135696411, -2.691892385482788, 0.26578232645988464, 1.345841884613037, 0.21929487586021423, 0.9094029068946838, 0.554527223110199, 0.10687259584665298, 0.652741014957428, 13.0, 6.0, 44895.0, -11613.0, 1559.0, -32767.0, 37381.0, 48136.0, 45826.0, 41653.0, 1.9385625123977661, 0.0944555476307869, 1.8712379932403564, 5.8015596001515926, -7.14957234784498, 10.450828823084773, 26953.0
34646, -2.0004703998565674, -2.9154725074768066, 0.5198993682861328, 1.345841884613037, 0.21929487586021423, 0.9094029068946838, 0.554527223110199, 0.10687259584665298, 0.652741014957428, 13.0, 6.0, 44895.0, -11613.0, 1559.0, -32767.0, 37381.0, 48136.0, 45826.0, 41653.0, 1.9418425559997559, 0.09240362048149109, 1.8759982585906982, 5.323284547146517, -7.790803898146805, 11.243772512689716, 26953.0
34686, -1.62681245803833, -3.4580936431884766, -0.32639387249946594, 1.353752851486206, 0.2323213815689087, 0.9298622608184814, 0.5604770183563232, 0.13481365144252777, 0.6997715830802917, -21.0, 0.0, 44895.0, -11613.0, 1559.0, -32767.0, 39097.0, 45123.0, 2621.0, 44666.0, 1.9589734077453613, 0.08173135668039322, 1.8834339380264282, 3.6505802432440175, -7.538290890951231, 12.279220918489163, 26953.0
34726, -0.7796604633331299, -4.032578468322754, 0.9779999852180481, 1.3587185144424438, 0.36032992601394653, 0.9707170724868774, 0.5624080300331116, 0.28816577792167664, 0.7382127046585083, -12.0, 2.0, 44895.0, -11613.0, 1559.0, -32767.0, 38463.0, 42616.0, 13609.0, 44491.0, 1.986546516418457, 0.07987912744283676, 1.8955450057983398, 4.236121358845273, -7.973173554933908, 7.269554181365811, 26953.0
34936, 2.1978163719177246, -4.294363498687744, 1.3688406944274902, 1.3989206552505493, 0.5728958249092102, 1.1195493936538696, 0.6352763175964355, 0.47990530729293823, 0.9098632335662842, -18.0, -7.0, 42215.0, -339.0, 4245.0, -32767.0, 37802.0, 39700.0, 32021.0, 44730.0, 2.0898923873901367, 0.05563675984740257, 1.8632584810256958, 5.67739517606678, -9.925985346491075, 12.582149882926096, 26953.0
35046, 0.41492605209350586, -3.649749755859375, -0.42508557438850403, 1.4456521272659302, 0.5933550000190735, 1.2375586032867432, 0.689665675163269, 0.4260876774787903, 0.8388631343841553, 6.0, -3.0, 41545.0, 5927.0, 4847.0, 32767.0, 38175.0, 40545.0, 45211.0, 45227.0, 2.128688335418701, 0.048909638077020645, 1.8287492990493774, 5.722692742309437, -9.301595856624317, 11.253891238708805, 26953.0
35116, 0.7124617695808411, -2.9807748794555664, -0.7849687337875366, 1.4999338388442993, 0.5805310010910034, 1.3056905269622803, 0.7398139834403992, 0.36865463852882385, 0.8545979857444763, -3.0, -7.0, 42886.0, 14975.0, 1002.0, -32767.0, 39182.0, 43905.0, 61115.0, 40524.0, 2.1666736602783203, 0.04062188044190407, 1.782226324081421, 8.610358372533597, -8.962380352453636, 11.527609232710404, 26953.0
35166, -1.528234601020813, -2.6908321380615234, -2.7507283687591553, 1.4999338388442993, 0.5805310010910034, 1.3056905269622803, 0.7398139834403992, 0.36865463852882385, 0.8545979857444763, 1.0, -7.0, 41545.0, -4165.0, 860.0, -32767.0, 37429.0, 41188.0, 65535.0, 41902.0, 2.190078020095825, 0.029126616194844246, 1.7531689405441284, 3.0355849931809002, -8.68476062783239, 9.93712106747322, 26953.0
35256, 1.5760878324508667, -2.0912489891052246, -2.2602388858795166, 1.531734824180603, 0.596439003944397, 1.3698196411132812, 0.7456554770469666, 0.35458144545555115, 0.7798675894737244, -9.0, -3.0, 41545.0, -4165.0, 860.0, -32767.0, 37974.0, 39001.0, 7500.0, 45429.0, 2.24623441696167, 0.02459695190191269, 1.6598376035690308, 5.396407594023038, -6.3416501381775845, 10.247156580693838, 26953.0
35296, -1.070380687713623, -1.743222713470459, -3.436906576156616, 1.531734824180603, 0.596439003944397, 1.3698196411132812, 0.7456554770469666, 0.35458144545555115, 0.7798675894737244, -9.0, -3.0, 41545.0, -4165.0, 860.0, -32767.0, 37572.0, 41449.0, 42135.0, 41640.0, 2.265446186065674, 0.011929448693990707, 1.6245568990707397, 2.0983313939596426, -5.238058155531576, 10.97342160419628, 26953.0
35386, 2.577545166015625, -1.7413522005081177, -0.5155301094055176, 1.619640827178955, 0.5984673500061035, 1.5234978199005127, 0.753383219242096, 0.2698461711406708, 0.8078386783599854, -2.0, -3.0, 41545.0, -4165.0, 860.0, -32767.0, 38119.0, 39423.0, 2621.0, 45007.0, 2.306851863861084, 0.009195994585752487, 1.524929165840149, 3.565835618530363, -2.8390690914744425, 3.754026926144054, 26953.0
35426, -0.39999449253082275, -1.625933051109314, 2.1147661209106445, 1.6513584852218628, 0.6296659111976624, 1.549834132194519, 0.7743567824363708, 0.29076218605041504, 0.8252803683280945, 11.0, 0.0, 41545.0, 6907.0, 2390.0, -32353.0, 38751.0, 41893.0, 46194.0, 41197.0, 2.3246684074401855, -0.004697825759649277, 1.471022605895996, 2.1950626087389637, -1.6665412398135686, 9.404969744389255, 26953.0
35806, -0.1848333179950714, -0.036067843437194824, 0.10486602038145065, 1.8533445596694946, 0.6191207766532898, 1.8460601568222046, 0.7903251647949219, 0.13814322650432587, 0.4963547885417938, -6.0, 4.0, 33503.0, 3831.0, 192.0, -32767.0, 36969.0, 33484.0, 2621.0, 33521.0, 2.383967399597168, -0.03491649031639099, 0.9232888221740723, 2.671523502121293, 7.5886391588698245, 10.896633807948739, 26953.0
35816, 0.29744982719421387, 0.0057462421245872974, 1.8109554052352905, 1.8533445596694946, 0.6191207766532898, 1.8460601568222046, 0.7903251647949219, 0.13814322650432587, 0.4963547885417938, -6.0, 4.0, 33503.0, 3831.0, 192.0, -32767.0, 36969.0, 33484.0, 2621.0, 33521.0, 2.3842649459838867, -0.03949756920337677, 0.8916228413581848, 2.1119962742971023, 9.316331389785262, 9.047187730562522, 26953.0
35876, 0.455768883228302, -0.21990400552749634, 3.2904164791107178, 1.8850038051605225, 0.6111615896224976, 1.8773123025894165, 0.7546356320381165, 0.10607267171144485, 0.2542029917240143, 15.0, -3.0, 33503.0, 3831.0, 192.0, -32767.0, 37669.0, 34752.0, 20404.0, 32254.0, 2.383016347885132, -0.044080719351768494, 0.7746875882148743, 3.1634845601259456, 5.1996307022888, 7.37909845895935, 26953.0
36136, -0.07150398939847946, -2.0158510208129883, 1.4429978132247925, 2.0017635822296143, 0.6078517436981201, 1.9002926349639893, 0.7356806397438049, 0.0475802905857563, -0.15482893586158752, 18.0, -2.0, 34174.0, 3862.0, 3444.0, -15267.0, 37950.0, 36690.0, 2621.0, 31658.0, 2.430172920227051, -0.07732782512903214, 0.3115561008453369, 4.066478123781778, -9.165721809809583, 9.396592841369621, 30761.0
36146, -0.17064672708511353, -2.025557041168213, 2.3144752979278564, 2.0017635822296143, 0.6078517436981201, 1.9002926349639893, 0.7356806397438049, 0.0475802905857563, -0.15482893586158752, 18.0, -2.0, 34174.0, 3862.0, 3444.0, -15267.0, 37950.0, 36690.0, 2621.0, 31658.0, 2.434077501296997, -0.07758474349975586, 0.2925381362438202, 4.6509305728137305, -10.117206014657228, 9.774223131486833, 30761.0
36476, -0.4428052604198456, 1.0597314834594727, -0.9413625597953796, 2.1974546909332275, 0.6822384595870972, 1.7287631034851074, 0.7566503882408142, 0.04790623486042023, -0.7398175001144409, -20.0, -8.0, 34174.0, -45.0, 1838.0, 32767.0, 39166.0, 33849.0, 31760.0, 34498.0, 2.7245333194732666, -0.06560683250427246, 0.15153752267360687, -0.04771711481652978, -43.70090294749167, -0.8752711980274346, 30761.0
36616, 2.4139060974121094, 4.2909088134765625, -5.248678684234619, 2.236604928970337, 0.6697984337806702, 1.6170138120651245, 0.6909773945808411, 0.02129552885890007, -0.9496669173240662, 10.0, -2.0, 34174.0, -45.0, 1838.0, 32767.0, 42168.0, 35061.0, 65155.0, 31945.0, 2.930835723876953, -0.04566816985607147, 0.12451548129320145, 0.2626585802696221, -37.29939901232984, -5.886911781478348, 30761.0
36626, 1.4874776601791382, 4.444995403289795, -4.287280082702637, 2.236604928970337, 0.6697984337806702, 1.6170138120651245, 0.6909773945808411, 0.02129552885890007, -0.9496669173240662, 10.0, -2.0, 34174.0, -45.0, 1838.0, 32767.0, 42168.0, 35061.0, 65155.0, 31945.0, 2.9524402618408203, -0.045989394187927246, 0.11845984309911728, -1.3818025799817684, -36.008248759888886, -7.247237539594092, 30761.0
36736, -0.6372750401496887, 7.096437931060791, -4.033608913421631, 2.292308807373047, 0.7152848243713379, 1.4639259576797485, 0.5563708543777466, 0.03411688283085823, -1.1094213724136353, 19.0, -7.0, 34174.0, -45.0, 1838.0, 32767.0, 48344.0, 36269.0, 65535.0, 30737.0, 3.171633720397949, -0.05343396216630936, 0.07123701274394989, 0.038868078653009515, -53.75445503524806, 3.591799835583185, 30761.0
36766, 0.9286445379257202, 8.750192642211914, -2.469536781311035, 2.292308807373047, 0.7152848243713379, 1.4639259576797485, 0.5563708543777466, 0.03411688283085823, -1.1094213724136353, 19.0, -7.0, 34174.0, -45.0, 1838.0, 32767.0, 48344.0, 36269.0, 65535.0, 30737.0, 3.2078404426574707, -0.05927375704050064, 0.09511789679527283, -3.1457288935461802, -73.01065536177092, 3.6228630183498174, 31323.0
37076, 0.4115276634693146, 15.450448989868164, -3.7380666732788086, 2.44811749458313, 0.5898879766464233, 1.0206661224365234, 0.04099201783537865, -0.020908337086439133, -1.654982089996338, -3.0, 0.0, 34174.0, 5872.0, -3653.0, -5463.0, 34305.0, 35282.0, 65535.0, 33065.0, 3.7208943367004395, 0.03734298050403595, 0.07692603766918182, -3.8194264981176262, 123.55459103642835, 28.772053116768543, 31323.0
37166, 0.8878493905067444, 14.75890064239502, -3.0633811950683594, 2.5370781421661377, 0.5539025664329529, 0.8545925617218018, -0.10283831506967545, -0.042811375111341476, -1.8143951892852783, -1.0, 9.0, 34174.0, 5872.0, -3653.0, -5463.0, 34305.0, 35282.0, 65535.0, 33065.0, 3.7752697467803955, 0.056639306247234344, 0.058992914855480194, 2.5858713392632597, 114.06845447219402, 25.3274770311198, 31323.0
37176, 0.20918355882167816, 14.225581169128418, -1.20536470413208, 2.5370781421661377, 0.5539025664329529, 0.8545925617218018, -0.10283831506967545, -0.042811375111341476, -1.8143951892852783, -1.0, 9.0, 34174.0, 5872.0, -3653.0, -5463.0, 34305.0, 35282.0, 65535.0, 33065.0, 3.776491641998291, 0.057956211268901825, 0.060391731560230255, -2.9170045681001238, 116.27187144677848, 25.73866735820793, 31323.0
37276, 0.6048833131790161, 8.709402084350586, 0.22903597354888916, 2.6902880668640137, 0.46981701254844666, 0.7121766209602356, -0.11765336245298386, -0.10587455332279205, -1.9441125392913818, 10.0, 0.0, 34174.0, 5872.0, -3653.0, -5463.0, 38154.0, 33382.0, 30702.0, 33623.0, 3.7630865573883057, 0.08499976247549057, 0.04468267410993576, 4.82385900428045, 106.29906295425855, 33.26729381425457, 31323.0
37566, -0.5725216269493103, -7.955785274505615, -7.331925868988037, 3.6739633083343506, 0.5465275049209595, 0.03713178262114525, 0.6564452648162842, -0.048260558396577835, -2.192185878753662, 9.0, -43.0, 38865.0, -2368.0, 11076.0, -19262.0, 41152.0, 38473.0, 65535.0, 36575.0, 3.747915267944336, 0.08597061038017273, 0.037594832479953766, 2.499877033337997, 108.93536437798595, 35.631412787024686, 31323.0
37606, -2.230602741241455, -21.353538513183594, -11.056146621704102, 3.7422702312469482, 0.534877359867096, 0.008458481170237064, 1.262354850769043, -0.10974506288766861, 0.12154268473386765, -14.0, -28.0, 38865.0, -2368.0, 11076.0, -19262.0, 45921.0, 37826.0, 65535.0, 37222.0, 3.7478742599487305, 0.0858071967959404, 0.03756085783243179, 2.5542501503630275, 108.9033254239034, 35.66307440906409, 31323.0
37676, -5.198978424072266, -34.63823318481445, -13.916316032409668, 4.031461715698242, 0.5025409460067749, 0.05938743054866791, 1.4751865863800049, -0.08914992213249207, 0.5595353841781616, 26.0, 0.0, 35515.0, 2111.0, 31115.0, -32767.0, 50382.0, 38440.0, 65535.0, 36608.0, 3.7477774620056152, 0.08606350421905518, 0.03832172974944115, 2.3788409034512297, 109.11825966122208, 35.645978731770505, 31323.0
37816, -2.0269463062286377, -32.357364654541016, -17.264131546020508, 4.672930717468262, 0.526900053024292, 0.16965274512767792, 2.062925100326538, -0.2152758687734604, -0.000956111412961036, -6.0, -39.0, 27766.0, 1912.0, 26128.0, -32767.0, 47176.0, 27895.0, 65535.0, 27219.0, 3.747920274734497, 0.08596225082874298, 0.038323864340782166, 2.524385559784134, 109.13103655913609, 35.621427778800744, 31323.0
37856, -2.5135483741760254, -25.6527099609375, -18.269611358642578, 4.896006107330322, 0.6374475359916687, 0.16308994591236115, 2.027799606323242, -0.22600269317626953, -0.296982079744339, -6.0, -39.0, 27766.0, 1912.0, 26128.0, -32767.0, 44081.0, 26202.0, 65535.0, 26700.0, 3.7473583221435547, 0.08608318120241165, 0.037523023784160614, 2.39990120744173, 108.87618707115568, 35.73639486831066, 31323.0
37926, -3.5643935203552246, -26.94396209716797, -14.229393005371094, 5.183494567871094, 0.6620628833770752, 0.14683960378170013, 1.7837812900543213, -0.21391116082668304, -0.518364429473877, -9.0, 4.0, 27766.0, 1912.0, 26128.0, -32767.0, 39362.0, 25181.0, 65535.0, 25147.0, 3.747774124145508, 0.08608891069889069, 0.0382930189371109, 2.379827987985067, 109.11984687849758, 35.65217233085079, 31323.0
37996, -64.6037368774414, -69.64899444580078, -80.490234375, 5.515483379364014, 0.24523913860321045, 0.14058317244052887, 2.8169002532958984, -0.38338470458984375, -0.6301578879356384, -15.0, -5.0, 27766.0, 1912.0, 26128.0, -32767.0, 50461.0, 34685.0, 65535.0, 11692.0, 3.7473552227020264, 0.08606503158807755, 0.037538670003414154, 2.3828115705320188, 108.87917365896782, 35.720517259592846, 31323.0
38006, -71.13736724853516, -74.37211608886719, -86.19303894042969, 5.515483379364014, 0.24523913860321045, 0.14058317244052887, 2.8169002532958984, -0.38338470458984375, -0.6301578879356384, -15.0, -5.0, 27766.0, 1912.0, 26128.0, -32767.0, 50461.0, 34685.0, 65535.0, 11692.0, 3.747624397277832, 0.08591846376657486, 0.0381883829832077, 2.2851138568524543, 109.02457915861565, 35.69559154524947, 31323.0
38106, -159.0774688720703, -0.13243460655212402, 168.4683074951172, 5.966025352478027, -0.387788861989975, 0.2692493498325348, 3.319305658340454, -0.8491697311401367, -0.698774516582489, -10.0, 58.0, 21907.0, 32767.0, 32767.0, -32767.0, 50461.0, 37806.0, 65535.0, 5039.0, 3.747802972793579, 0.08587948232889175, 0.037439920008182526, 2.3834140418295258, 108.84699447126303, 35.67640501760361, 31323.0
38206, -150.80889892578125, 63.15870666503906, 157.87042236328125, 6.441408157348633, -0.5627366304397583, 0.16757841408252716, 3.227125883102417, -0.9001851677894592, -1.8699376583099365, 14.0, 16.0, 19952.0, 32767.0, 5988.0, -32767.0, 39303.0, 35895.0, 65535.0, 3128.0, 3.747424602508545, 0.08624830842018127, 0.03752820938825607, 2.3712211090267012, 108.92335758104616, 35.70597912919482, 31323.0
38376, -147.1322021484375, 64.73395538330078, 164.95372009277344, 7.093781471252441, -0.5598257780075073, 0.11090727150440216, 3.6331307888031006, -0.9535375833511353, -2.2603542804718018, -7.0, -1.0, 16475.0, 32767.0, -32767.0, -32767.0, 37354.0, 0.0, 35388.0, 0.0, 3.747753381729126, 0.08578958362340927, 0.038227781653404236, 2.430254357994121, 109.06897342250925, 35.65785981395939, 31323.0
38486, -148.65621948242188, 52.97771072387695, 162.80743408203125, 7.819075107574463, -0.26185622811317444, 0.09079259634017944, 4.454538822174072, -1.046982765197754, -1.82362961769104, -6.0, 0.0, 0.0, 0.0, 0.0, 0.0, 37354.0, 0.0, 35388.0, 0.0, 3.747408628463745, 0.08623942732810974, 0.037476807832717896, 2.3588662833299847, 108.92169802140397, 35.69654576821312, 31323.0
38516, -147.66400146484375, 50.0016975402832, 160.9790496826172, 8.382241249084473, -0.21667003631591797, 0.08173758536577225, 4.9859938621521, -1.034885048866272, -1.641262173652649, -6.0, 0.0, 0.0, 0.0, 0.0, 0.0, 37354.0, 0.0, 35388.0, 0.0, 3.747610569000244, 0.08588417619466782, 0.03817118704319, 2.2984817064689005, 109.02951359068275, 35.68809945663002, 31323.0
38596, -150.91427612304688, 43.93436813354492, 162.20164489746094, 9.147905349731445, -0.20328162610530853, 0.1358957290649414, 5.532874584197998, -0.9826235175132751, -1.390807867050171, 0.0, 0.0, 0.0, 0.0, 0.0, 0.0, 37354.0, 0.0, 35388.0, 0.0, 3.7479259967803955, 0.08593598008155823, 0.0383063368499279, 2.529810431237074, 109.15669442909683, 35.61546328621123, 31323.0
38796, -157.4329376220703, 32.79478073120117, 167.78805541992188, 11.179327964782715, -0.31002378463745117, 0.2857779562473297, 6.871425151824951, -0.4838559329509735, -0.2612968385219574, 4.0, 5.0, 0.0, 0.0, 0.0, 0.0, 37354.0, 0.0, 35388.0, 0.0, 3.7476279735565186, 0.08590004593133926, 0.038188908249139786, 2.296615094075922, 109.02860259868167, 35.68524039610161, 31323.0
38966, -159.63900756835938, 28.227792739868164, 169.89544677734375, 12.915534973144531, -0.36325812339782715, 0.507999837398529, 7.424582004547119, -0.11209392547607422, -0.12743991613388062, -3.0, -6.0, 0.0, 0.0, 0.0, 0.0, 37354.0, 0.0, 35388.0, 0.0, 3.7472782135009766, 0.08609630912542343, 0.037384502589702606, 2.2935154969614144, 108.82624727150353, 35.73544967487314, 31323.0
39016, -160.211181640625, 26.935867309570312, 170.4275360107422, 13.459648132324219, -0.3647114634513855, 0.5803481936454773, 7.548482894897461, -0.016108304262161255, -0.209159716963768, -3.0, -6.0, 0.0, 0.0, 0.0, 0.0, 37354.0, 0.0, 35388.0, 0.0, 3.747926712036133, 0.08592011034488678, 0.03823615983128548, 2.5095063428705164, 109.15152176775553, 35.611783056806914, 31323.0
39236, -161.86859130859375, 22.794261932373047, 171.93055725097656, 15.261194229125977, -0.3250233829021454, 0.809532642364502, 7.884050369262695, 0.26150810718536377, -0.61033695936203, 0.0, 1.0, 0.0, 0.0, 0.0, 0.0, 37354.0, 0.0, 35388.0, 0.0, 3.7472753524780273, 0.08609539270401001, 0.03733842074871063, 2.2954374082243634, 108.83352711600331, 35.745627861493695, 31323.0
39246, -161.92578125, 22.61786651611328, 171.98336791992188, 15.261194229125977, -0.3250233829021454, 0.809532642364502, 7.884050369262695, 0.26150810718536377, -0.61033695936203, 0.0, 1.0, 0.0, 0.0, 0.0, 0.0, 37354.0, 0.0, 35388.0, 0.0, 3.7484686374664307, 0.0847591683268547, 0.0375983752310276, 0.9915840915858449, 108.91323738536367, 35.32478542184095, 31323.0
39256, -162.0249786376953, 22.44148063659668, 172.05413818359375, 15.261194229125977, -0.3250233829021454, 0.809532642364502, 7.884050369262695, 0.26150810718536377, -0.61033695936203, 0.0, 1.0, 0.0, 0.0, 0.0, 0.0, 37354.0, 0.0, 35388.0, 0.0, 3.7479162216186523, 0.08599802851676941, 0.03736729174852371, 2.4918875280934785, 108.92745908455538, 35.615478831599795, 31323.0
39356, -162.60202026367188, 20.76335334777832, 172.53892517089844, 16.457509994506836, -0.26736292243003845, 0.960909366607666, 8.065937042236328, 0.4216068685054779, -0.8744105696678162, 3.0, 3.0, 0.0, 0.0, 0.0, 0.0, 37354.0, 0.0, 35388.0, 0.0, 3.7474944591522217, 0.0861722007393837, 0.03747347742319107, 2.4716977701990133, 108.96745353710395, 35.67475273951565, 31323.0
39616, -163.86277770996094, 16.766292572021484, 173.51161193847656, 18.499013900756836, -0.10995864868164062, 1.1969937086105347, 8.327387809753418, 0.6840205192565918, -1.3377400636672974, -1.0, -3.0, 0.0, 0.0, 0.0, 0.0, 37354.0, 0.0, 35388.0, 0.0, 3.7478041648864746, 0.08585601300001144, 0.03729581832885742, 2.4085874634153646, 108.86003745003048, 35.670648475690975, 31323.0
39776, -164.49264526367188, 14.654589653015137, 173.94366455078125, 20.3999080657959, 0.08831947296857834, 1.3468310832977295, 8.54786491394043, 0.9020978808403015, -1.8433620929718018, 2.0, 1.0, 0.0, 0.0, 0.0, 0.0, 37354.0, 0.0, 35388.0, 0.0, 3.747810125350952, 0.08604016155004501, 0.038163237273693085, 2.375973945845801, 109.13714046995888, 35.64346546863954, 31323.0
39806, -164.6380157470703, 14.190364837646484, 174.02880859375, 20.802562713623047, 0.13996455073356628, 1.3932950496673584, 8.587543487548828, 0.9522615075111389, -1.9118578433990479, 1.0, 0.0, 0.0, 0.0, 0.0, 0.0, 37354.0, 0.0, 35388.0, 0.0, 3.747427463531494, 0.08622673898935318, 0.0373973585665226, 2.3776354812124114, 108.92743412491127, 35.70331601922697, 31323.0
39906, -164.99359130859375, 12.951302528381348, 174.2452392578125, 21.769065856933594, 0.25994232296943665, 1.4401088953018188, 8.677655220031738, 1.0483942031860352, -2.1855931282043457, -1.0, 0.0, 0.0, 0.0, 0.0, 0.0, 37354.0, 0.0, 35388.0, 0.0, 3.7474117279052734, 0.08624527603387833, 0.03737668693065643, 2.3704053169777675, 108.92457878889245, 35.69099885142783, 31323.0
40066, -165.57669067382812, 10.9396333694458, 174.54867553710938, 23.291826248168945, 0.4883860647678375, 1.5534932613372803, 8.83129596710205, 1.2223917245864868, -2.486997365951538, -1.0, 0.0, 0.0, 0.0, 0.0, 0.0, 37354.0, 0.0, 35388.0, 0.0, 3.7474172115325928, 0.08622531592845917, 0.03739114850759506, 2.356315759594547, 108.92842677047689, 35.69700516372836, 31323.0
40106, -165.77902221679688, 10.410200119018555, 174.63243103027344, 23.70586395263672, 0.5546729564666748, 1.594484806060791, 8.867132186889648, 1.2672748565673828, -2.5463297367095947, -3.0, -4.0, 0.0, 0.0, 0.0, 0.0, 37354.0, 0.0, 35388.0, 0.0, 3.7478110790252686, 0.08604905009269714, 0.038177452981472015, 2.377827383772417, 109.13226754926416, 35.64264721706247, 31323.0
40276, -166.36048889160156, 8.438422203063965, 174.87742614746094, 25.368019104003906, 0.8335021138191223, 1.6910159587860107, 9.00169849395752, 1.4321898221969604, -2.874049186706543, 0.0, -2.0, 0.0, 0.0, 0.0, 0.0, 37354.0, 0.0, 35388.0, 0.0, 3.747274398803711, 0.08609233051538467, 0.03735531121492386, 2.298846816946228, 108.85126799075233, 35.74682917423341, 31323.0
40316, -166.52536010742188, 7.940830230712891, 174.935302734375, 26.004480361938477, 0.9420832991600037, 1.7029093503952026, 9.058481216430664, 1.487082600593567, -3.0223066806793213, -1.0, 0.0, 0.0, 0.0, 0.0, 0.0, 37354.0, 0.0, 35388.0, 0.0, 3.747283935546875, 0.08609207719564438, 0.037338368594646454, 2.3053347277679155, 108.85431020997413, 35.747142589889854, 31323.0
40416, -166.89369201660156, 6.187625885009766, 175.1319122314453, 27.080162048339844, 1.1472991704940796, 1.731813669204712, 8.710383415222168, 1.6536465883255005, -3.1114842891693115, 2.0, 0.0, 0.0, 0.0, 0.0, 0.0, 37354.0, 0.0, 35388.0, 0.0, 3.747934579849243, 0.08599516749382019, 0.037329863756895065, 2.465924783282777, 108.96840716193454, 35.61204539225175, 31323.0
40526, -167.44970703125, 3.864572048187256, 175.38392639160156, 28.14297103881836, 1.3636430501937866, 1.7022652626037598, 7.821412563323975